1,www.flipkart.com,1357719439530
1,www.ebay.in,1357719481915
2,www.ebay.in,1357719674236
2,www.snapdeal.com,1357719933290
2,www.snapdeal.com,1357720217547
1,www.flipkart.com,1357720500138
1,www.snapdeal.com,1456154038111
2,www.snapdeal.com,1357720506272
3,www.snapdeal.com,1357720506416
1,www.snapdeal.com,1357720507733
2,1357720507890
3,www.flipkart.com,1357720516261
1,www.flipkart.com,1456154038111
1,www.flipkart.com,1357720525511
1,www.amazon.in,1357720528779
3,www.amazon.in,1357720567348
3,www.amazon.in,1357720630057
1,www.amazon.in,1357720704814
1,www.amazon.in,1357720713264
1,www.amazon.in,1357720752483
3,www.amazon.in,1357720817126
3,www.amazon.in,1357720869082
3,www.amazon.in,1357720941801
3,www.amazon.in,1357721087640
3,www.amazon.in,1456154038111
3,www.amazon.in,1357721241307
3,www.amazon.in,1357721254911
3,www.amazon.in,1357721267492
1,www.amazon.in,1357721444067
1,www.amazon.in,1357721469695
1,www.snapdeal.com,1357721472151
1,www.snapdeal.com,1357721648790
1,www.snapdeal.com,1456151038111
1,www.snapdeal.com,1357721655669
2,www.snapdeal.com,1357721655672
2,www.snapdeal.com,1436154038111
2,www.ebay.in,1357722096267
2,www.ebay.in,1357722106116
2,www.ebay.in,1456354038111
1,www.ebay.in,1357722149312
1,www.ebay.in,1357722433753
3,www.ebay.in,1357722589722
1,www.amazon.in,1357722745017
1,www.shopclues.com,1357722807510