YHOO,24-Dec-15,34.19,34.74,34.1,34.11,3470658
YHOO,23-Dec-15,34.24,34.58,33.99,34.45,13469154
YHOO,22-Dec-15,32.99,34.21,32.97,34.19,15531275
YHOO,21-Dec-15,33.12,33.3,32.69,32.96,9106706
YHOO,18-Dec-15,33.1,33.63,32.87,32.95,16921825
YHOO,16-Dec-15,33.15,33.88,32.91,33.78,12689442
YHOO,15-Dec-15,32.53,33.39,32.5,33.03,16187259
YHOO,14-Dec-15,32.94,33.27,32.21,32.59,17562105
YHOO,11-Dec-15,34.01,34.15,32.82,32.91,14936195
YHOO,10-Dec-15,34.49,34.73,33.91,34.63,16174180
YHOO,09-Dec-15,35.8,35.84,33.15,34.4,45101897
YHOO,08-Dec-15,34.24,34.98,34.03,34.85,19852579
YHOO,07-Dec-15,34.76,34.92,34.47,34.68,12047935
YHOO,04-Dec-15,34.34,35.2,34.18,34.91,16109553
YHOO,03-Dec-15,35.59,35.72,34.1,34.34,17080482
YHOO,02-Dec-15,35,36.39,34.77,35.65,56708065
YHOO,01-Dec-15,33.87,33.89,33.47,33.71,11020448
YHOO,30-Nov-15,33.03,33.83,32.85,33.81,17534722
YHOO,27-Nov-15,32.79,33.08,32.44,32.94,5316055
YHOO,25-Nov-15,32.77,33.52,32.75,33.16,13257985
YHOO,24-Nov-15,33.09,33.19,32.61,32.96,13364743
YHOO,23-Nov-15,33,33.87,32.87,33.36,11900386
YHOO,20-Nov-15,32.86,33.3,32.69,33.11,12498532
YHOO,19-Nov-15,33.21,33.5,32.58,32.62,14222129
YHOO,18-Nov-15,32.89,33.02,32.32,32.98,11105624
YHOO,17-Nov-15,33.01,33.12,32.62,32.86,10270392
YHOO,16-Nov-15,32.23,32.99,32.12,32.94,11087829
YHOO,13-Nov-15,32.78,33.04,32.17,32.19,11063301
YHOO,12-Nov-15,33.2,33.84,33.13,33.23,14273138
YHOO,11-Nov-15,34.21,34.23,33.02,33.38,11806896
YHOO,10-Nov-15,33.45,34.13,33.26,33.99,11510965
YHOO,09-Nov-15,34.07,34.08,33.08,33.68,13645458
YHOO,06-Nov-15,34.94,35.2,33.46,34.2,16608581
YHOO,05-Nov-15,35.02,35.3,34.16,35.12,15679054
YHOO,04-Nov-15,34.89,35.24,34.75,35.07,17501813
YHOO,03-Nov-15,35.15,35.34,34.65,34.72,12394280
YHOO,02-Nov-15,35.46,35.48,35.07,35.27,15206693
YHOO,30-Oct-15,35.14,35.7,35.05,35.62,17418895
YHOO,29-Oct-15,34.87,35.15,34.7,35.05,10796190
YHOO,28-Oct-15,34.3,35.27,34.3,35.18,15174273
YHOO,27-Oct-15,34.97,35.47,33.88,34.3,26380851
YHOO,26-Oct-15,33.13,33.49,33,33.4,15810254
YHOO,23-Oct-15,32.65,33.36,32.24,33.17,24308632
YHOO,22-Oct-15,31.26,31.9,31.21,31.67,18501164
YHOO,21-Oct-15,32.06,32.43,31.01,31.12,30436499
YHOO,20-Oct-15,33.49,33.59,32.77,32.83,19349173
YHOO,19-Oct-15,33.26,33.63,33.18,33.5,10856512
YHOO,16-Oct-15,33.64,33.86,33.16,33.37,12498907
YHOO,15-Oct-15,32.42,33.49,32.4,33.48,19403801
YHOO,14-Oct-15,32.28,32.49,31.77,32.09,11282844
YHOO,13-Oct-15,32.56,32.82,32.32,32.34,15873827
YHOO,12-Oct-15,32.71,33.02,32.55,32.86,12580273
YHOO,09-Oct-15,32.35,32.69,31.99,32.52,11830351
YHOO,08-Oct-15,31.79,32.5,31.73,32.37,14245376
YHOO,07-Oct-15,31.31,31.99,31.21,31.87,12224842
YHOO,06-Oct-15,30.79,31.18,30.66,30.96,10963857
YHOO,05-Oct-15,30.8,31.2,30.35,30.85,12883305
YHOO,02-Oct-15,28.62,30.71,28.43,30.71,29250543
YHOO,01-Oct-15,28.95,29,28.44,28.91,14467626
YHOO,30-Sep-15,28.65,29.11,28.49,28.91,18317909
YHOO,29-Sep-15,28.58,29.23,27.85,28.26,41895407
YHOO,28-Sep-15,29.03,29.22,27.2,27.6,49541270
YHOO,25-Sep-15,29.66,29.71,28.9,29.13,12817501
YHOO,24-Sep-15,29.47,29.57,28.85,29.34,19109920
YHOO,23-Sep-15,30.56,30.57,29.63,29.74,12755387
YHOO,22-Sep-15,30.78,30.92,30.17,30.4,15614931
YHOO,21-Sep-15,31.2,31.74,30.88,31.17,18744953
YHOO,18-Sep-15,30.51,30.8,30.41,30.74,20538316
YHOO,17-Sep-15,31.31,31.33,30.81,30.93,17094184
YHOO,16-Sep-15,31.14,31.77,30.99,31.4,22179724
YHOO,15-Sep-15,29.72,31.22,29.41,31.04,25661630
YHOO,14-Sep-15,30.68,30.92,30,30.32,22186926
YHOO,11-Sep-15,31.09,31.43,30.63,31.43,14365370
YHOO,10-Sep-15,31.35,31.59,31.03,31.15,14287579
YHOO,09-Sep-15,30.4,31.8,30.35,31.52,47058537
YHOO,08-Sep-15,32.2,32.83,30.86,30.9,26873863
YHOO,04-Sep-15,32,32.29,31.44,31.58,13854141
YHOO,03-Sep-15,31.86,32.74,31.8,32.54,13748876
YHOO,02-Sep-15,32.01,32.03,31.38,31.77,15688093
YHOO,01-Sep-15,31.49,32.1,31.23,31.6,19903535
YHOO,31-Aug-15,32.91,32.99,32.23,32.24,13608999
YHOO,28-Aug-15,33.32,33.57,32.93,33.14,9366075
YHOO,27-Aug-15,33.36,33.77,32.95,33.69,19105076
YHOO,26-Aug-15,32.46,32.62,31.11,32.52,25414501
YHOO,25-Aug-15,32.98,33.03,31.54,31.74,15752294
YHOO,24-Aug-15,29.02,32.28,29,31.31,23163378
YHOO,21-Aug-15,33.58,34.02,32.91,32.93,18373641
YHOO,20-Aug-15,34.77,34.95,33.87,34.1,15604411
YHOO,19-Aug-15,35.67,35.67,35.02,35.19,8976684
YHOO,18-Aug-15,35.78,36.19,35.6,35.69,11445283
YHOO,17-Aug-15,36.24,36.24,35.76,36.1,7933557
YHOO,14-Aug-15,35.82,36.34,35.72,36.24,12241062
YHOO,13-Aug-15,35.08,36.61,34.82,35.93,28987668
YHOO,12-Aug-15,34.29,34.77,33.85,34.49,31443155
YHOO,11-Aug-15,36.74,36.77,35.73,36.03,13833238
YHOO,10-Aug-15,36.87,37.69,36.87,37.15,11351419
YHOO,07-Aug-15,36.52,36.76,36.15,36.67,11845497
YHOO,06-Aug-15,37.34,37.52,36.3,36.46,12299702
YHOO,05-Aug-15,37.32,37.71,37.23,37.25,6844018
YHOO,04-Aug-15,36.61,37.21,36.6,37.12,9051917
YHOO,03-Aug-15,36.67,36.98,36.37,36.69,9887296
YHOO,31-Jul-15,37.56,37.57,36.62,36.67,15446116
YHOO,01-Jun-15,43.05,43.63,42.91,43.35,11152854
YHOO,29-May-15,43.45,43.59,42.81,42.94,10927975
YHOO,28-May-15,43.06,43.42,42.93,43.07,9414041
YHOO,27-May-15,42.6,43.44,42.28,43.38,13686517
YHOO,26-May-15,43.41,43.5,42.58,42.85,12796030
YHOO,22-May-15,43.58,44,43.47,43.48,10279385
YHOO,21-May-15,43.06,43.86,43.05,43.68,30404288
YHOO,20-May-15,42.28,43.04,42.16,42.79,54530780
YHOO,19-May-15,44.38,44.66,39.12,40.98,45363929
YHOO,18-May-15,44.52,44.57,44.04,44.36,9229977
YHOO,15-May-15,45,45.07,44.69,44.75,7768610
YHOO,14-May-15,44.53,44.99,44.45,44.95,10301798
YHOO,13-May-15,44.03,44.67,43.98,44.4,10987244
YHOO,12-May-15,44.3,44.31,43.69,43.84,14264830
YHOO,11-May-15,43.82,44.14,43.59,43.6,11509641
YHOO,08-May-15,44.34,44.55,44,44.09,15750163
YHOO,07-May-15,44.93,44.98,43.54,43.87,28213841
YHOO,06-May-15,41.31,41.73,41.21,41.66,13976326
YHOO,05-May-15,41.86,42,40.81,41.3,19377115
YHOO,04-May-15,42.5,42.55,41.83,42.04,14483788
YHOO,01-May-15,42.55,42.68,42.09,42.51,10467625
YHOO,30-Apr-15,43.12,43.31,42.26,42.56,14257852
YHOO,29-Apr-15,43.88,44.05,43.09,43.28,12712589
YHOO,28-Apr-15,44.34,44.57,43.94,44.34,7197050
YHOO,27-Apr-15,44.65,45.1,44.25,44.36,10855436
YHOO,24-Apr-15,43.73,44.71,43.69,44.52,11281077
YHOO,23-Apr-15,43.92,44.06,43.58,43.7,14298850
YHOO,22-Apr-15,44.58,44.85,43.67,43.98,32284344
YHOO,21-Apr-15,45.15,45.18,44.45,44.49,18617935
YHOO,20-Apr-15,44.73,44.91,44.41,44.66,10228743
YHOO,17-Apr-15,45.3,45.44,44.25,44.45,13591630
YHOO,16-Apr-15,45.82,46.13,45.53,45.78,13833073
YHOO,15-Apr-15,45.46,45.83,45.23,45.73,15039608
YHOO,14-Apr-15,44.82,45.64,44.79,45.52,12365803
YHOO,13-Apr-15,45.25,45.59,44.72,44.77,8837319
YHOO,10-Apr-15,45.79,45.79,45,45.18,8436364
YHOO,09-Apr-15,45.7,46.17,45.16,45.63,13677977
YHOO,08-Apr-15,43.86,45.19,43.8,45.17,16071037
YHOO,07-Apr-15,43.79,44.22,43.56,43.61,11381967
YHOO,06-Apr-15,43.82,44.03,43.61,43.67,10717027
YHOO,02-Apr-15,44.24,44.36,43.68,44.15,12229373
YHOO,01-Apr-15,44.45,44.6,43.95,44.13,14722317
YHOO,31-Mar-15,44.82,45.2,44.42,44.44,10415517
YHOO,30-Mar-15,45.36,45.42,44.82,44.95,8884305
YHOO,27-Mar-15,45.2,45.67,45.01,45.1,20563454
YHOO,26-Mar-15,43.78,44.67,43.68,44.47,16162914
YHOO,25-Mar-15,44.59,44.93,44.13,44.2,14036860
YHOO,24-Mar-15,44.64,44.78,44.28,44.42,7559051
YHOO,23-Mar-15,45.25,45.54,44.71,44.72,8268845
YHOO,20-Mar-15,45.37,45.58,44.91,45.04,14194173
YHOO,19-Mar-15,44.9,45.45,44.81,44.98,14758038
YHOO,18-Mar-15,43.58,44.71,43.43,44.67,18919901
YHOO,17-Mar-15,43.54,44.16,43.46,43.78,9656186
YHOO,16-Mar-15,42.93,43.88,42.75,43.51,11376422
YHOO,13-Mar-15,42.84,42.98,42.44,42.87,9087016
YHOO,12-Mar-15,42.7,43.36,42.58,42.95,8384782
YHOO,11-Mar-15,42.77,42.99,42.36,42.5,10007342
YHOO,10-Mar-15,42.57,42.92,42.18,42.68,10600679
YHOO,09-Mar-15,43.6,43.93,42.67,42.98,11801922
YHOO,06-Mar-15,43.98,44.24,43.4,43.44,11888005
YHOO,05-Mar-15,44.18,44.31,43.5,44.16,11867708
YHOO,04-Mar-15,42.08,44.38,41.97,43.99,30098498
YHOO,03-Mar-15,43.7,43.95,42.42,42.62,22392372
YHOO,02-Mar-15,44.06,44.43,43.7,44.11,11027285
YHOO,27-Feb-15,44.38,44.57,44.04,44.28,10044181
YHOO,26-Feb-15,44.6,44.76,44.26,44.45,9223805
YHOO,25-Feb-15,43.21,44.72,43.21,44.43,17922930
YHOO,24-Feb-15,43.45,43.52,42.91,43.38,9797541
YHOO,23-Feb-15,43.99,43.99,43.42,43.53,12129068
YHOO,20-Feb-15,44.3,44.36,43.76,44.11,12036197
YHOO,19-Feb-15,43.65,44.42,43.5,44.37,13300954
YHOO,18-Feb-15,43.56,43.82,43.3,43.65,10410703
YHOO,17-Feb-15,44.37,44.54,43.35,43.53,12798419
YHOO,13-Feb-15,44.12,44.59,44,44.42,13785848
YHOO,12-Feb-15,43.07,44.16,42.86,43.92,18158218
YHOO,11-Feb-15,43.18,43.26,42.76,42.96,9791084
YHOO,10-Feb-15,42.9,43.18,42.66,43.07,12160820
YHOO,09-Feb-15,42.61,43.15,42.54,42.57,15507556
YHOO,06-Feb-15,43.57,43.66,42.67,42.94,16063549
YHOO,05-Feb-15,44.08,44.26,43.02,43.54,18414547
YHOO,04-Feb-15,44.8,44.98,43.88,44.04,16281358
YHOO,03-Feb-15,45.1,45.25,44.38,44.7,16985939
YHOO,02-Feb-15,44.43,44.76,43.88,44.68,20305674
YHOO,30-Jan-15,43.75,44.85,43.51,43.99,36033624
YHOO,29-Jan-15,43.56,43.8,41.8,43.73,74370078
YHOO,28-Jan-15,49.8,50.32,46.3,46.46,84839719
YHOO,27-Jan-15,49.14,49.28,47.66,47.99,45777217
YHOO,26-Jan-15,49.57,49.79,49.07,49.44,18976403
YHOO,23-Jan-15,48.74,49.23,48.63,48.95,14294255
YHOO,22-Jan-15,48.43,49.08,48.01,48.89,12647359
YHOO,21-Jan-15,47.6,48.38,47.32,48.18,16305119
YHOO,20-Jan-15,46.79,47.89,46.77,47.63,15845928
YHOO,16-Jan-15,46.06,46.59,45.85,46.47,14681801
YHOO,15-Jan-15,47.54,47.75,46.2,46.23,17125956
YHOO,14-Jan-15,47.7,48.09,47.07,47.51,15911618
YHOO,13-Jan-15,49.15,49.48,47.4,48.3,21605213
YHOO,12-Jan-15,49.92,49.93,48.56,48.8,10170666
YHOO,09-Jan-15,50.28,50.41,49.62,49.72,7466080
YHOO,08-Jan-15,48.99,50.23,48.72,50.23,14704771
YHOO,07-Jan-15,49.62,49.64,48.51,48.59,11788031
YHOO,06-Jan-15,49.2,49.88,48.33,49.21,16204304
YHOO,05-Jan-15,49.71,49.88,48.91,49.13,14389308
YHOO,02-Jan-15,50.66,50.78,49.47,50.17,11924473
YHOO,31-Dec-14,51.54,51.68,50.46,50.51,9305013
YHOO,30-Dec-14,50.35,51.27,50.35,51.22,10703455
YHOO,29-Dec-14,50.67,51.01,50.51,50.53,6624489
MSFT,24-Dec-15,55.86,55.96,55.43,55.67,9570002
MSFT,23-Dec-15,55.7,55.88,55.44,55.82,27279832
MSFT,22-Dec-15,54.99,55.48,54.5,55.35,28322241
MSFT,21-Dec-15,54.88,55.35,54.23,54.83,37246325
MSFT,18-Dec-15,54.78,56,54.03,54.13,84684164
MSFT,16-Dec-15,55.54,56.24,54.76,56.13,37503300
MSFT,15-Dec-15,55.66,55.9,55.09,55.2,39842998
MSFT,14-Dec-15,54.33,55.21,53.68,55.14,47006491
MSFT,11-Dec-15,54.71,55.1,54.01,54.06,39549497
MSFT,10-Dec-15,55.39,55.66,55.01,55.27,31775826
MSFT,09-Dec-15,54.75,55.87,54.51,54.98,36373209
MSFT,08-Dec-15,55.47,56.1,54.99,55.79,32878026
MSFT,07-Dec-15,55.79,55.97,55.29,55.81,30709765
MSFT,04-Dec-15,54.12,56.23,54.1,55.91,43963662
MSFT,03-Dec-15,55.49,55.77,53.93,54.2,38627835
MSFT,02-Dec-15,55.32,55.96,55.06,55.21,47274879
MSFT,01-Dec-15,54.41,55.23,54.3,55.22,39952779
MSFT,30-Nov-15,54.54,54.96,54,54.35,56241417
MSFT,27-Nov-15,53.8,54.08,53.79,53.93,9009132
MSFT,25-Nov-15,54.09,54.23,53.69,53.69,21005147
MSFT,24-Nov-15,53.92,54.44,53.58,54.25,24600043
MSFT,23-Nov-15,54.25,54.46,53.75,54.19,28235918
MSFT,20-Nov-15,54.25,54.3,53.26,54.19,37147608
MSFT,19-Nov-15,53.99,54.66,53.78,53.94,28149228
MSFT,18-Nov-15,53,53.98,52.98,53.85,29710030
MSFT,17-Nov-15,53.17,53.53,52.85,52.97,31551255
MSFT,16-Nov-15,53.08,53.89,52.85,53.76,32165198
MSFT,13-Nov-15,53.07,53.29,52.53,52.84,36848175
MSFT,12-Nov-15,53.48,53.98,53.19,53.32,35361095
MSFT,11-Nov-15,53.7,54.2,53.46,53.65,36516260
MSFT,10-Nov-15,54.07,54.13,53.27,53.51,55283697
MSFT,09-Nov-15,54.55,54.87,53.56,54.16,32513067
MSFT,06-Nov-15,54.08,54.98,53.96,54.92,32851204
MSFT,05-Nov-15,54.49,54.7,54,54.38,31468485
MSFT,04-Nov-15,54.18,54.88,54.06,54.4,37087849
MSFT,03-Nov-15,52.93,54.39,52.9,54.15,36596931
MSFT,02-Nov-15,52.85,53.36,52.62,53.24,30284982
MSFT,30-Oct-15,53.32,53.99,52.62,52.64,46619761
MSFT,29-Oct-15,53.54,53.83,53.22,53.36,30202078
MSFT,28-Oct-15,53.54,53.98,52.86,53.98,47000753
MSFT,27-Oct-15,53.99,54.37,53.58,53.69,50999907
MSFT,26-Oct-15,52.53,54.32,52.5,54.25,64633324
MSFT,23-Oct-15,52.3,54.07,52.25,52.87,135227059
MSFT,22-Oct-15,47.53,48.95,47.09,48.03,56637074
MSFT,21-Oct-15,47.92,47.99,47.11,47.2,25264710
MSFT,20-Oct-15,47.44,47.81,47.02,47.77,30802235
MSFT,19-Oct-15,47.42,47.88,47.02,47.62,29387581
MSFT,16-Oct-15,47.02,47.54,46.9,47.51,26450334
MSFT,15-Oct-15,47.01,47.03,46.53,47.01,27189370
MSFT,14-Oct-15,46.65,47.1,46.53,46.68,24697766
MSFT,13-Oct-15,46.56,47.13,46.56,46.89,19987816
MSFT,12-Oct-15,46.98,47.07,46.5,47,19769066
MSFT,09-Oct-15,47.45,47.54,46.92,47.11,28600632
MSFT,08-Oct-15,46.56,47.52,46.5,47.45,33772709
MSFT,07-Oct-15,47.1,47.35,45.95,46.8,27711492
YHOO,30-Jul-15,37.5,37.69,37.3,37.42,9542683
YHOO,29-Jul-15,37.92,37.92,37.38,37.67,10290604
YHOO,28-Jul-15,37.64,37.92,37.27,37.72,10333096
YHOO,27-Jul-15,38.31,38.31,37.65,37.84,12942727
YHOO,24-Jul-15,39.58,39.58,38.67,38.85,8590731
YHOO,23-Jul-15,39.3,39.78,39.06,39.21,9267432
YHOO,22-Jul-15,38.57,39.63,38.26,39.24,17714798
YHOO,21-Jul-15,39.61,39.85,39.36,39.73,14861571
YHOO,20-Jul-15,39.98,39.98,39.26,39.54,14752071
YHOO,17-Jul-15,39.19,39.79,38.93,39.68,14864268
YHOO,16-Jul-15,38.7,38.96,38.6,38.91,8462417
YHOO,15-Jul-15,38.51,38.8,38.15,38.38,9147265
YHOO,14-Jul-15,38.65,39.03,38.44,38.63,9506509
YHOO,13-Jul-15,38.25,38.8,38.1,38.76,8713178
YHOO,10-Jul-15,38.35,38.42,37.61,37.92,10057576
YHOO,09-Jul-15,38.23,38.68,37.52,37.61,16909387
YHOO,08-Jul-15,37.2,37.49,36.94,37.23,20529176
YHOO,07-Jul-15,38.24,38.38,36.58,38.23,19432474
YHOO,06-Jul-15,38.76,39.12,38.46,38.61,11803417
YHOO,02-Jul-15,39.26,39.64,39.19,39.38,7712994
YHOO,01-Jul-15,39.46,39.78,39.15,39.33,6398439
YHOO,30-Jun-15,39.39,39.65,39.19,39.29,11258342
YHOO,29-Jun-15,39.49,39.78,38.85,38.91,12481317
YHOO,26-Jun-15,40.83,41.06,39.93,40.06,16430945
YHOO,25-Jun-15,41.1,41.38,40.9,41.06,10776219
YHOO,24-Jun-15,40.68,41.23,40.58,40.94,11462231
YHOO,23-Jun-15,40.74,40.8,40.51,40.65,6860632
YHOO,22-Jun-15,40.66,40.89,40.54,40.73,6141546
YHOO,19-Jun-15,40.9,40.93,40.37,40.51,11661459
YHOO,18-Jun-15,41.04,41.27,40.79,40.91,10017568
YHOO,17-Jun-15,40.8,41.52,40.78,40.96,11943076
YHOO,16-Jun-15,40.35,41.4,40.02,40.64,20454539
YHOO,15-Jun-15,40.24,40.67,40.21,40.47,10876265
YHOO,12-Jun-15,40.77,41.11,40.46,40.52,9232651
YHOO,11-Jun-15,42.09,42.21,40.55,40.94,23694968
YHOO,10-Jun-15,41.7,42.31,41.69,42.06,7943818
YHOO,09-Jun-15,41.92,41.95,41.02,41.63,11995156
YHOO,08-Jun-15,42.72,42.89,42,42.01,7625508
YHOO,05-Jun-15,42.83,43.26,42.7,42.81,9831129
YHOO,04-Jun-15,43.09,43.44,42.76,42.88,10033370
YHOO,03-Jun-15,43.3,43.78,42.98,43.21,11893374
YHOO,02-Jun-15,43.18,43.62,42.92,43.15,8866474
MSFT,06-Oct-15,46.33,47.18,46.22,46.75,27510808
MSFT,05-Oct-15,45.74,46.89,45.7,46.63,34369286
MSFT,02-Oct-15,44.27,45.57,43.92,45.57,41839035
MSFT,01-Oct-15,44.75,44.75,43.75,44.61,28657859
MSFT,30-Sep-15,43.88,44.3,43.66,44.26,34958880
MSFT,29-Sep-15,43.37,43.57,43.05,43.44,32763557
MSFT,28-Sep-15,43.83,44.08,43.2,43.29,27613785
MSFT,25-Sep-15,44.48,44.73,43.76,43.94,29384601
MSFT,24-Sep-15,43.45,44.13,43.27,43.91,27905607
MSFT,23-Sep-15,43.93,44.17,43.51,43.87,17145238
MSFT,22-Sep-15,43.38,44.05,43.31,43.9,28085903
MSFT,21-Sep-15,43.62,44.47,43.6,44.11,26177224
MSFT,18-Sep-15,43.5,43.99,43.33,43.48,63143684
MSFT,17-Sep-15,44.29,45,44.08,44.25,32768161
MSFT,16-Sep-15,43.97,44.38,43.84,44.3,23372162
MSFT,15-Sep-15,43.19,44.29,43.08,43.98,28882206
MSFT,14-Sep-15,43.43,43.44,42.86,43.04,23656048
MSFT,11-Sep-15,43.14,43.59,42.94,43.48,27132527
MSFT,10-Sep-15,43.12,43.79,42.74,43.29,31234165
MSFT,09-Sep-15,44.21,44.4,42.91,43.07,33469485
MSFT,08-Sep-15,43.3,44,43.2,43.89,32469766
MSFT,04-Sep-15,42.81,43.04,42.2,42.61,37138775
MSFT,03-Sep-15,43.41,43.98,43.28,43.5,28285205
MSFT,02-Sep-15,42.36,43.38,41.88,43.36,37671518
MSFT,01-Sep-15,42.17,42.59,41.66,41.82,49688896
MSFT,31-Aug-15,43.56,43.93,43.1,43.52,34441662
MSFT,28-Aug-15,43.4,44.15,43.39,43.93,28246725
MSFT,27-Aug-15,43.23,43.95,42.92,43.9,50943211
MSFT,26-Aug-15,42.01,42.84,41.06,42.71,63407996
MSFT,25-Aug-15,42.56,43.24,40.39,40.47,70616597
MSFT,24-Aug-15,40.45,43.31,39.72,41.68,88753660
MSFT,21-Aug-15,45.3,45.48,43.07,43.07,70053084
MSFT,20-Aug-15,46.07,46.47,45.66,45.66,36238227
MSFT,19-Aug-15,46.78,47.08,46.3,46.61,31485511
MSFT,18-Aug-15,46.84,47.43,46.7,47.27,23574104
MSFT,17-Aug-15,46.81,47.45,46.57,47.32,21099746
MSFT,14-Aug-15,46.53,47.1,46.52,47,21473402
MSFT,13-Aug-15,47.06,47.1,46.49,46.73,22627241
MSFT,12-Aug-15,46.19,46.9,45.7,46.74,30198532
MSFT,11-Aug-15,46.82,46.94,45.9,46.41,29237402
MSFT,10-Aug-15,46.95,47.49,46.84,47.33,23079870
MSFT,07-Aug-15,46.39,46.78,46.26,46.74,19163038
MSFT,06-Aug-15,47.71,47.77,46.33,46.62,27368000
MSFT,05-Aug-15,47.98,48.41,47.54,47.58,26959655
MSFT,04-Aug-15,46.75,47.71,46.68,47.54,33403916
MSFT,03-Aug-15,46.98,47,46.45,46.81,24125886
MSFT,31-Jul-15,47.29,47.37,46.5,46.7,31201480
MSFT,30-Jul-15,46.26,47.4,45.93,46.88,39777883
MSFT,29-Jul-15,45.4,46.78,45.26,46.29,40945864
MSFT,28-Jul-15,45.58,45.64,44.79,45.34,34328948
MSFT,27-Jul-15,45.94,46.01,45.25,45.35,39701420
MSFT,24-Jul-15,45.91,46.32,45.8,45.94,32333244
MSFT,23-Jul-15,45.27,46.23,45.1,46.11,33934010
MSFT,22-Jul-15,45.44,46.93,45.2,45.54,59152427
MSFT,21-Jul-15,46.78,47.33,46.48,47.28,42781899
MSFT,20-Jul-15,46.65,47.13,46.44,46.92,30631905
MSFT,17-Jul-15,46.55,46.78,46.26,46.62,29467107
MSFT,16-Jul-15,46.01,46.69,45.96,46.66,26271673
MSFT,15-Jul-15,45.68,45.89,45.43,45.76,26629615
MSFT,14-Jul-15,45.45,45.96,45.31,45.62,22880260
MSFT,13-Jul-15,44.98,45.62,44.95,45.54,28178329
MSFT,10-Jul-15,45.01,45.14,44.57,44.61,25465757
MSFT,09-Jul-15,44.75,45.22,44.5,44.52,32424672
MSFT,08-Jul-15,44.44,44.9,44.03,44.24,39785901
MSFT,07-Jul-15,44.34,44.49,43.32,44.3,36435827
MSFT,06-Jul-15,43.96,44.48,43.95,44.39,23033961
MSFT,02-Jul-15,44.48,44.75,44.06,44.4,21752013
MSFT,01-Jul-15,44.46,45.23,44.1,44.44,28343907
MSFT,30-Jun-15,44.71,44.72,43.94,44.15,35945384
MSFT,29-Jun-15,45.04,45.23,44.36,44.37,34081746
MSFT,26-Jun-15,45.65,46.28,45.03,45.26,49835287
MSFT,25-Jun-15,46.03,46.06,45.5,45.65,20615995
MSFT,24-Jun-15,45.67,46.24,45.55,45.64,34890901
MSFT,23-Jun-15,46.13,46.28,45.62,45.91,25896473
MSFT,22-Jun-15,46.33,46.72,46.16,46.23,20318055
MSFT,19-Jun-15,46.79,46.82,45.99,46.1,63837036
MSFT,18-Jun-15,46.22,46.8,46.17,46.72,32658343
MSFT,17-Jun-15,45.73,46.07,45.36,45.97,28704061
MSFT,16-Jun-15,45.35,46.24,45.3,45.83,27070306
MSFT,15-Jun-15,45.45,45.65,45.02,45.48,33254517
MSFT,12-Jun-15,46.22,46.47,45.9,45.97,23930972
MSFT,11-Jun-15,46.66,46.92,46.13,46.44,27347758
MSFT,10-Jun-15,45.79,46.83,45.69,46.61,28417405
MSFT,09-Jun-15,45.76,45.94,45.46,45.65,24406057
MSFT,08-Jun-15,46.3,46.43,45.67,45.73,22121634
MSFT,05-Jun-15,46.31,46.52,45.84,46.14,25438086
MSFT,04-Jun-15,46.79,47.16,46.2,46.36,27745512
MSFT,03-Jun-15,47.37,47.74,46.82,46.85,28002154
MSFT,02-Jun-15,46.93,47.35,46.62,46.92,21498326
MSFT,01-Jun-15,47.06,47.77,46.62,47.23,28837332
MSFT,29-May-15,47.43,47.57,46.59,46.86,36519594
MSFT,28-May-15,47.5,48.02,47.39,47.45,19283666
MSFT,27-May-15,46.82,47.77,46.62,47.61,27335639
MSFT,26-May-15,46.83,46.88,46.19,46.59,29581860
MSFT,22-May-15,47.3,47.35,46.82,46.9,25720583
MSFT,21-May-15,47.28,47.6,47,47.42,22410698
MSFT,20-May-15,47.39,47.93,47.27,47.58,25047919
MSFT,19-May-15,47.56,47.81,47.18,47.58,28574813
MSFT,18-May-15,47.98,48.22,47.61,48.01,24136502
MSFT,15-May-15,48.87,48.9,48.05,48.3,28642694
MSFT,14-May-15,48.03,48.82,48.03,48.72,32980892
MSFT,13-May-15,48.19,48.32,47.57,47.62,34184613
MSFT,12-May-15,46.85,47.68,46.42,47.35,29928264
MSFT,11-May-15,47.55,47.91,47.37,47.37,24609416
MSFT,08-May-15,47.55,47.98,47.52,47.75,35364911
MSFT,07-May-15,46.27,47.08,46.16,46.7,32971654
MSFT,06-May-15,47.57,47.77,46.02,46.28,52433020
MSFT,05-May-15,47.82,48.16,47.31,47.6,50369191
MSFT,04-May-15,48.37,48.87,48.18,48.24,34039485
MSFT,01-May-15,48.58,48.88,48.4,48.66,38937336
MSFT,30-Apr-15,48.7,49.54,48.6,48.64,64725457
MSFT,29-Apr-15,48.72,49.31,48.5,49.06,47804562
MSFT,28-Apr-15,47.78,49.21,47.7,49.16,60730778
MSFT,27-Apr-15,47.23,48.13,47.22,48.03,59248172
MSFT,24-Apr-15,45.66,48.14,45.65,47.87,130933665
MSFT,23-Apr-15,42.89,43.61,42.8,43.34,46309530
MSFT,22-Apr-15,42.67,43.13,42.55,42.98,25064273
MSFT,21-Apr-15,43,43.15,42.53,42.64,26013844
MSFT,20-Apr-15,41.73,43.17,41.68,42.9,46057733
MSFT,17-Apr-15,41.67,41.74,41.16,41.62,42387608
MSFT,16-Apr-15,41.95,42.34,41.82,42.16,22509652
MSFT,15-Apr-15,41.76,42.46,41.68,42.26,27343581
MSFT,14-Apr-15,41.8,42.03,41.39,41.65,24244382
MSFT,13-Apr-15,41.4,42.06,41.39,41.76,30276692
MSFT,10-Apr-15,41.63,41.95,41.41,41.72,28022002
MSFT,09-Apr-15,41.25,41.62,41.25,41.48,25723861
MSFT,08-Apr-15,41.46,41.69,41.04,41.42,24753438
MSFT,07-Apr-15,41.61,41.91,41.31,41.53,28809375
MSFT,06-Apr-15,40.34,41.78,40.18,41.54,39223692
MSFT,02-Apr-15,40.66,40.74,40.12,40.29,37487476
MSFT,01-Apr-15,40.6,40.76,40.31,40.72,36865322
MSFT,31-Mar-15,40.78,41.03,40.54,40.66,34887219
MSFT,30-Mar-15,41.1,41.54,40.91,40.96,35049662
MSFT,27-Mar-15,41.12,41.43,40.83,40.97,34401398
MSFT,26-Mar-15,41.22,41.61,40.92,41.21,37495627
MSFT,25-Mar-15,42.92,42.92,41.44,41.46,43469907
MSFT,24-Mar-15,42.78,43.17,42.75,42.9,25513252
MSFT,23-Mar-15,42.88,43.13,42.78,42.86,26246086
MSFT,20-Mar-15,42.56,42.98,42.49,42.88,71904529
MSFT,19-Mar-15,42.26,42.59,42.22,42.28,33879066
MSFT,18-Mar-15,41.43,42.83,41.33,42.5,44194771
MSFT,17-Mar-15,41.37,41.83,41.15,41.7,31673448
MSFT,16-Mar-15,41.47,41.64,41.28,41.56,35273452
MSFT,13-Mar-15,40.7,41.47,40.61,41.38,58007705
MSFT,12-Mar-15,41.33,41.65,40.86,41.02,59992502
MSFT,11-Mar-15,42.31,42.37,41.84,41.98,32215314
MSFT,10-Mar-15,42.35,42.71,42.03,42.03,39159730
MSFT,09-Mar-15,42.19,43.12,42.19,42.85,32107957
MSFT,06-Mar-15,43,43.11,42.15,42.36,36248785
MSFT,05-Mar-15,43.07,43.24,42.82,43.11,23193541
MSFT,04-Mar-15,43.01,43.21,42.88,43.06,25748692
MSFT,03-Mar-15,43.56,43.82,43.09,43.28,31748648
MSFT,02-Mar-15,43.67,44.19,43.55,43.88,31924049
MSFT,27-Feb-15,44.13,44.2,43.66,43.85,33807740
MSFT,26-Feb-15,43.99,44.23,43.89,44.06,28957329
MSFT,25-Feb-15,43.95,44.09,43.8,43.99,29759820
MSFT,24-Feb-15,44.15,44.3,43.92,44.09,25271747
MSFT,23-Feb-15,43.7,44.19,43.65,44.15,32518754
MSFT,20-Feb-15,43.51,43.88,43.29,43.86,29721133
MSFT,19-Feb-15,43.18,43.53,43.05,43.5,27603420
MSFT,18-Feb-15,43.63,43.7,43.39,43.53,27111657
MSFT,17-Feb-15,43.97,44,43.19,43.58,33695749
MSFT,13-Feb-15,43.38,43.87,43.15,43.87,40264887
MSFT,12-Feb-15,42.66,43.09,42.51,43.09,33268831
MSFT,11-Feb-15,42.65,42.65,42.21,42.38,38262509
MSFT,10-Feb-15,42.74,42.77,42.18,42.6,29670676
MSFT,09-Feb-15,42.24,42.74,42.21,42.36,31381061
MSFT,06-Feb-15,42.68,42.79,42.15,42.41,34616554
MSFT,05-Feb-15,42.22,42.64,41.86,42.45,36548168
MSFT,04-Feb-15,41.94,42.21,41.36,41.84,41614812
MSFT,03-Feb-15,41.63,41.93,41.04,41.6,52082448
MSFT,02-Feb-15,40.59,41.37,40.23,41.28,50352532
MSFT,30-Jan-15,41.55,41.58,40.35,40.4,78004944
MSFT,29-Jan-15,40.93,42.12,40.79,42.01,63585273
MSFT,28-Jan-15,42.74,42.79,41.16,41.19,84507078
MSFT,27-Jan-15,42.95,43.2,42.1,42.66,169163953
MSFT,26-Jan-15,47,47.13,46.24,47.01,42525530
MSFT,23-Jan-15,47.36,47.39,46.8,47.18,26211594
MSFT,22-Jan-15,46.38,47.14,46.08,47.13,35898035
MSFT,21-Jan-15,45.94,46.14,45.48,45.92,39081143
MSFT,20-Jan-15,46.3,46.65,45.57,46.39,36161860
MSFT,16-Jan-15,45.31,46.28,45.17,46.24,35695289
MSFT,15-Jan-15,46.22,46.38,45.41,45.48,32750779
MSFT,14-Jan-15,45.96,46.24,45.62,45.96,29719580
MSFT,13-Jan-15,46.97,47.91,46.06,46.36,35270601
MSFT,12-Jan-15,47.42,47.54,46.36,46.6,23651887
MSFT,09-Jan-15,47.61,47.82,46.9,47.19,23944181
MSFT,08-Jan-15,46.75,47.75,46.72,47.59,29645202
MSFT,07-Jan-15,45.98,46.46,45.49,46.23,29114061
MSFT,06-Jan-15,46.38,46.75,45.54,45.65,36447854
MSFT,05-Jan-15,46.37,46.73,46.25,46.32,39673865
MSFT,02-Jan-15,46.66,47.42,46.54,46.76,27913852
MSFT,31-Dec-14,46.73,47.44,46.45,46.45,21552450
MSFT,30-Dec-14,47.44,47.62,46.84,47.02,16384692
MSFT,29-Dec-14,47.7,47.78,47.26,47.45,14439518
APPL,24-Dec-15,109,109,107.95,108.03,13596680
APPL,23-Dec-15,107.27,108.85,107.2,108.61,32657354
APPL,22-Dec-15,107.4,107.72,106.45,107.23,32789367
APPL,21-Dec-15,107.28,107.37,105.57,107.33,47590610
APPL,18-Dec-15,108.91,109.52,105.81,106.03,96453327
APPL,16-Dec-15,111.07,111.99,108.8,111.34,56238467
APPL,15-Dec-15,111.94,112.8,110.35,110.49,53323105
APPL,14-Dec-15,112.18,112.68,109.79,112.48,65003609
APPL,11-Dec-15,115.19,115.39,112.85,113.18,46886161
APPL,10-Dec-15,116.04,116.94,115.51,116.17,29212727
APPL,09-Dec-15,115.3,117.69,115.08,115.62,46361357
APPL,08-Dec-15,117.52,118.6,116.86,118.23,34309450
APPL,07-Dec-15,118.32,119.86,117.81,118.28,32084249
APPL,04-Dec-15,115.29,119.25,115.11,119.03,57776977
APPL,03-Dec-15,115.24,116.79,114.22,115.2,41569509
APPL,02-Dec-15,117.34,118.11,116.08,116.28,33386563
APPL,01-Dec-15,118.75,118.81,116.86,117.34,34852374
APPL,30-Nov-15,118.49,119.41,117.75,118.3,39180322
APPL,27-Nov-15,118.29,118.41,117.6,117.81,13046445
APPL,25-Nov-15,119.21,119.23,117.92,118.03,21388308
APPL,24-Nov-15,117.33,119.35,117.12,118.88,42803172
APPL,23-Nov-15,119.27,119.73,117.34,117.75,32482528
APPL,20-Nov-15,119.2,119.92,118.85,119.3,34287096
APPL,19-Nov-15,117.64,119.75,116.76,118.78,43295820
APPL,18-Nov-15,115.76,117.49,115.5,117.29,46674697
APPL,17-Nov-15,114.92,115.05,113.32,113.69,27616939
APPL,16-Nov-15,111.38,114.24,111,114.18,38106701
APPL,13-Nov-15,115.2,115.57,112.27,112.34,45812403
APPL,12-Nov-15,116.26,116.82,115.65,115.72,32525579
APPL,11-Nov-15,116.37,117.42,115.21,116.11,45217971
APPL,10-Nov-15,116.9,118.07,116.06,116.77,59127931
APPL,09-Nov-15,120.96,121.81,120.05,120.57,33871405
APPL,06-Nov-15,121.08,121.81,120.62,121.06,33042283
APPL,05-Nov-15,121.85,122.69,120.18,120.92,39552680
APPL,04-Nov-15,122.56,123.82,121.62,122,44886050
APPL,03-Nov-15,120.79,123.49,120.7,122.57,45518976
APPL,02-Nov-15,120.8,121.36,119.61,121.18,32203267
APPL,30-Oct-15,120.99,121.22,119.45,119.5,49365254
APPL,29-Oct-15,118.7,120.69,118.27,120.53,51227334
APPL,28-Oct-15,117.58,119.3,116.06,119.27,85551352
APPL,27-Oct-15,115.4,116.54,113.99,114.55,69884400
APPL,26-Oct-15,118.08,118.13,114.92,115.28,66333781
APPL,23-Oct-15,118.77,119.23,116.33,119.08,59366914
APPL,22-Oct-15,114.33,115.5,114.1,115.5,41654089
APPL,21-Oct-15,114,115.58,113.7,113.76,42326974
APPL,20-Oct-15,111.34,114.17,110.82,113.77,48967763
APPL,19-Oct-15,110.8,111.75,110.11,111.73,29759153
APPL,16-Oct-15,111.78,112,110.53,111.04,39232609
APPL,15-Oct-15,110.93,112.1,110.49,111.86,37673452
APPL,14-Oct-15,111.29,111.52,109.56,110.21,44462449
APPL,13-Oct-15,110.82,112.45,110.68,111.79,33049256
APPL,12-Oct-15,112.73,112.75,111.44,111.6,30467204
APPL,09-Oct-15,111.64,112.28,109.49,112.12,52766140
APPL,08-Oct-15,110.06,110.19,108.21,109.5,61979577
APPL,07-Oct-15,110.47,111.77,109.41,110.78,46765550
APPL,06-Oct-15,110.63,111.74,109.76,111.31,48856977
APPL,05-Oct-15,110.08,111.37,109.07,110.78,52064743
APPL,02-Oct-15,108.01,111.01,107.55,110.38,58019758
APPL,01-Oct-15,109.07,109.62,107.31,109.58,63929100
APPL,30-Sep-15,110.17,111.54,108.73,110.3,66473033
APPL,29-Sep-15,112.83,113.51,107.86,109.06,73365384
APPL,28-Sep-15,113.85,114.57,112.44,112.44,52109011
APPL,25-Sep-15,116.44,116.69,114.02,114.71,56151926
APPL,24-Sep-15,113.25,115.5,112.37,115,50219475
APPL,23-Sep-15,113.63,114.72,113.3,114.32,35756716
APPL,22-Sep-15,113.38,114.18,112.52,113.4,50346159
APPL,21-Sep-15,113.67,115.37,113.66,115.21,50221965
APPL,18-Sep-15,112.21,114.3,111.87,113.45,74285291
APPL,17-Sep-15,115.66,116.49,113.72,113.92,64112641
APPL,16-Sep-15,116.25,116.54,115.44,116.41,37173489
APPL,15-Sep-15,115.93,116.53,114.42,116.28,43341155
APPL,14-Sep-15,116.58,116.89,114.86,115.31,58363431
APPL,11-Sep-15,111.79,114.21,111.76,114.21,49915473
APPL,10-Sep-15,110.27,113.28,109.9,112.57,62675234
APPL,09-Sep-15,113.76,114.02,109.77,110.15,85010804
APPL,08-Sep-15,111.75,112.56,110.32,112.31,54843626
APPL,04-Sep-15,108.97,110.45,108.51,109.27,49996311
APPL,03-Sep-15,112.49,112.78,110.04,110.37,53233940
APPL,02-Sep-15,110.23,112.34,109.13,112.34,61888812
APPL,01-Sep-15,110.15,111.88,107.36,107.72,76845860
APPL,31-Aug-15,112.03,114.53,112,112.76,56229271
APPL,28-Aug-15,112.17,113.31,111.54,113.29,53164407
APPL,27-Aug-15,112.23,113.24,110.02,112.92,84616056
APPL,26-Aug-15,107.08,109.89,105.05,109.69,96774611
APPL,25-Aug-15,111.11,111.11,103.5,103.74,103601599
APPL,24-Aug-15,94.87,108.8,92,103.12,162206292
APPL,21-Aug-15,110.43,111.9,105.64,105.76,128275471
APPL,20-Aug-15,114.08,114.35,111.63,112.65,68501622
APPL,19-Aug-15,116.1,116.52,114.68,115.01,48286510
APPL,18-Aug-15,116.43,117.44,116.01,116.5,34560708
APPL,17-Aug-15,116.04,117.65,115.5,117.16,40884745
APPL,14-Aug-15,114.32,116.31,114.01,115.96,42929516
APPL,13-Aug-15,116.04,116.4,114.54,115.15,48535789
APPL,12-Aug-15,112.53,115.42,109.63,115.24,101685610
APPL,11-Aug-15,117.81,118.18,113.33,113.49,97082814
APPL,10-Aug-15,116.53,119.99,116.53,119.72,54951597
APPL,07-Aug-15,114.58,116.25,114.5,115.52,38670405
APPL,06-Aug-15,115.97,116.5,114.12,115.13,52903040
APPL,05-Aug-15,112.95,117.44,112.1,115.4,99312613
APPL,04-Aug-15,117.42,117.7,113.25,114.64,124138623
APPL,03-Aug-15,121.5,122.57,117.52,118.44,69975968
APPL,31-Jul-15,122.6,122.64,120.91,121.3,42884953
APPL,30-Jul-15,122.32,122.57,121.71,122.37,33628268
APPL,29-Jul-15,123.15,123.5,122.27,122.99,37011653
APPL,28-Jul-15,123.38,123.91,122.55,123.38,33618097
APPL,27-Jul-15,123.09,123.61,122.12,122.77,44455540
APPL,24-Jul-15,125.32,125.74,123.9,124.5,42162332
APPL,23-Jul-15,126.2,127.09,125.06,125.16,50999452
APPL,22-Jul-15,121.99,125.5,121.99,125.22,115450607
APPL,21-Jul-15,132.85,132.92,130.32,130.75,76756427
APPL,20-Jul-15,130.97,132.97,130.7,132.07,58900203
APPL,17-Jul-15,129.08,129.62,128.31,129.62,46164710
APPL,16-Jul-15,127.74,128.57,127.35,128.51,36222447
APPL,15-Jul-15,125.72,127.15,125.58,126.82,33649200
APPL,14-Jul-15,126.04,126.37,125.04,125.61,31768139
APPL,13-Jul-15,125.03,125.76,124.32,125.66,41440538
APPL,10-Jul-15,121.94,123.85,121.21,123.28,61354474
APPL,09-Jul-15,123.85,124.06,119.22,120.07,78595038
APPL,08-Jul-15,124.48,124.64,122.54,122.57,60761614
APPL,07-Jul-15,125.89,126.15,123.77,125.69,46946811
APPL,06-Jul-15,124.94,126.23,124.85,126,28060431
APPL,02-Jul-15,126.43,126.69,125.77,126.44,27210952
APPL,01-Jul-15,126.9,126.94,125.99,126.6,30238811
APPL,30-Jun-15,125.57,126.12,124.86,125.42,44370682
APPL,29-Jun-15,125.46,126.47,124.48,124.53,49161427
APPL,26-Jun-15,127.67,127.99,126.51,126.75,44066841
APPL,25-Jun-15,128.86,129.2,127.5,127.5,31938100
APPL,24-Jun-15,127.21,129.8,127.12,128.11,55280855
APPL,23-Jun-15,127.48,127.61,126.88,127.03,30268863
APPL,22-Jun-15,127.49,128.06,127.08,127.61,34039345
APPL,19-Jun-15,127.71,127.82,126.4,126.6,54716887
APPL,18-Jun-15,127.23,128.31,127.22,127.88,35407220
APPL,17-Jun-15,127.72,127.88,126.74,127.3,32918071
APPL,16-Jun-15,127.03,127.85,126.37,127.6,31494131
APPL,15-Jun-15,126.1,127.24,125.71,126.92,43988946
APPL,12-Jun-15,128.18,128.33,127.11,127.17,36886246
APPL,11-Jun-15,129.18,130.18,128.48,128.59,35390887
APPL,10-Jun-15,127.92,129.34,127.85,128.88,39087250
APPL,09-Jun-15,126.7,128.08,125.62,127.42,56075420
APPL,08-Jun-15,128.9,129.21,126.83,127.8,52674786
APPL,05-Jun-15,129.5,129.69,128.36,128.65,35626800
APPL,04-Jun-15,129.58,130.58,128.91,129.36,38450118
APPL,03-Jun-15,130.66,130.94,129.9,130.12,30983542
APPL,02-Jun-15,129.86,130.66,129.32,129.96,33667627
APPL,01-Jun-15,130.28,131.39,130.05,130.54,32112797
APPL,29-May-15,131.23,131.45,129.9,130.28,50884452
APPL,28-May-15,131.86,131.95,131.1,131.78,30733309
APPL,27-May-15,130.34,132.26,130.05,132.04,45833246
APPL,26-May-15,132.6,132.91,129.12,129.62,70697560
APPL,22-May-15,131.6,132.97,131.4,132.54,45595972
APPL,21-May-15,130.07,131.63,129.83,131.39,39730364
APPL,20-May-15,130,130.98,129.34,130.06,36454932
APPL,19-May-15,130.69,130.88,129.64,130.07,44633240
APPL,18-May-15,128.38,130.72,128.36,130.19,50882918
APPL,15-May-15,129.07,129.49,128.21,128.77,38208034
APPL,14-May-15,127.41,128.95,127.16,128.95,45203456
APPL,13-May-15,126.15,127.19,125.87,126.01,34694235
APPL,12-May-15,125.6,126.88,124.82,125.86,48160032
APPL,11-May-15,127.39,127.56,125.62,126.32,42035757
APPL,08-May-15,126.68,127.62,126.11,127.62,55550382
APPL,07-May-15,124.77,126.08,124.02,125.26,43940895
APPL,06-May-15,126.56,126.75,123.36,125.01,72141010
APPL,05-May-15,128.15,128.45,125.78,125.8,49271416
APPL,04-May-15,129.5,130.57,128.26,128.7,50988278
APPL,01-May-15,126.1,130.13,125.3,128.95,58512638
APPL,30-Apr-15,128.64,127.88,124.58,125.15,83195423
APPL,29-Apr-15,130.16,131.59,128.3,128.64,63386083
APPL,28-Apr-15,134.46,134.54,129.57,130.56,118923970
APPL,27-Apr-15,132.31,133.13,131.15,132.65,96954207
APPL,24-Apr-15,130.49,130.63,129.23,130.28,44525905
APPL,23-Apr-15,128.3,130.42,128.14,129.67,45770902
APPL,22-Apr-15,126.99,128.87,126.32,128.62,37654505
APPL,21-Apr-15,128.1,128.2,126.67,126.91,32435057
APPL,20-Apr-15,125.57,128.12,125.17,127.6,47054310
APPL,17-Apr-15,125.55,126.14,124.46,124.75,51957046
APPL,16-Apr-15,126.28,127.1,126.11,126.17,28368987
APPL,15-Apr-15,126.41,127.13,126.01,126.78,28970419
APPL,14-Apr-15,127,127.29,125.91,126.3,25524593
APPL,13-Apr-15,128.37,128.57,126.61,126.85,36365123
APPL,10-Apr-15,125.95,127.21,125.26,127.1,40187953
APPL,09-Apr-15,125.85,126.58,124.66,126.56,32483974
APPL,08-Apr-15,125.85,126.4,124.97,125.6,37329243
APPL,07-Apr-15,127.64,128.12,125.98,126.01,35012268
APPL,06-Apr-15,124.47,127.51,124.33,127.35,37193975
APPL,02-Apr-15,125.03,125.56,124.19,125.32,32220131
APPL,01-Apr-15,124.82,125.12,123.1,124.25,40621437
APPL,31-Mar-15,126.09,126.49,124.36,124.43,42090553
APPL,30-Mar-15,124.05,126.4,124,126.37,47099670
APPL,27-Mar-15,124.57,124.7,122.91,123.25,39546151
APPL,26-Mar-15,122.76,124.88,122.6,124.24,47572869
APPL,25-Mar-15,126.54,126.82,123.38,123.38,51655177
APPL,24-Mar-15,127.23,128.04,126.56,126.69,32842304
APPL,23-Mar-15,127.12,127.85,126.52,127.21,37709674
APPL,20-Mar-15,128.25,128.4,125.16,125.9,68695136
APPL,19-Mar-15,128.75,129.25,127.4,127.5,45809490
APPL,18-Mar-15,127,129.16,126.37,128.47,65270945
APPL,17-Mar-15,125.9,127.32,125.65,127.04,51023104
APPL,16-Mar-15,123.88,124.95,122.87,124.95,35874300
APPL,13-Mar-15,124.4,125.4,122.58,123.59,51827283
APPL,12-Mar-15,122.31,124.9,121.63,124.45,48362719
APPL,11-Mar-15,124.75,124.77,122.11,122.24,68938974
APPL,10-Mar-15,126.41,127.22,123.8,124.51,68856582
APPL,09-Mar-15,127.96,129.57,125.06,127.14,88528487
APPL,06-Mar-15,128.4,129.37,126.26,126.6,72842060
APPL,05-Mar-15,128.58,128.75,125.76,126.41,56517146
APPL,04-Mar-15,129.1,129.56,128.32,128.54,31666340
APPL,03-Mar-15,128.96,129.52,128.09,129.36,37816283
APPL,02-Mar-15,129.25,130.28,128.3,129.09,48096663
APPL,27-Feb-15,130,130.57,128.24,128.46,62014847
APPL,26-Feb-15,128.78,130.87,126.61,130.42,91287529
APPL,25-Feb-15,131.56,131.6,128.15,128.79,74711746
APPL,24-Feb-15,132.94,133.6,131.17,132.17,69228130
APPL,23-Feb-15,130.02,133,129.66,133,70974110
APPL,20-Feb-15,128.62,129.5,128.05,129.5,48948419
APPL,19-Feb-15,128.48,129.03,128.33,128.45,37362381
APPL,18-Feb-15,127.62,128.78,127.45,128.72,44891737
APPL,17-Feb-15,127.49,128.88,126.92,127.83,63152405
APPL,13-Feb-15,127.28,127.28,125.65,127.08,54272219
APPL,12-Feb-15,126.06,127.48,125.57,126.46,74474466
APPL,11-Feb-15,122.77,124.92,122.5,124.88,73561797
APPL,10-Feb-15,120.17,122.15,120.16,122.02,62008506
APPL,09-Feb-15,118.55,119.84,118.43,119.72,38889797
APPL,06-Feb-15,120.02,120.25,118.45,118.93,43706567
APPL,05-Feb-15,120.02,120.23,119.25,119.94,42246245
APPL,04-Feb-15,118.5,120.51,118.31,119.56,70149743
APPL,03-Feb-15,118.5,119.09,117.61,118.65,51915749
APPL,02-Feb-15,118.05,119.17,116.08,118.63,62739100
APPL,30-Jan-15,118.4,120,116.85,117.16,83745461
APPL,29-Jan-15,116.32,119.19,115.56,118.9,84436432
APPL,28-Jan-15,117.62,118.12,115.31,115.31,146477063
APPL,27-Jan-15,112.42,112.48,109.03,109.14,95568749
APPL,26-Jan-15,113.74,114.36,112.8,113.1,55614979
APPL,23-Jan-15,112.3,113.75,111.53,112.98,46464828
APPL,22-Jan-15,110.26,112.47,109.72,112.4,53796409
APPL,21-Jan-15,108.95,111.06,108.27,109.55,48575897
APPL,20-Jan-15,107.84,108.97,106.5,108.72,49899907
APPL,16-Jan-15,107.03,107.58,105.2,105.99,78513345
APPL,15-Jan-15,110,110.06,106.66,106.82,60013996
APPL,14-Jan-15,109.04,110.49,108.5,109.8,48956588
APPL,13-Jan-15,111.43,112.8,108.91,110.22,67091928
APPL,12-Jan-15,112.6,112.63,108.8,109.25,49650790
APPL,09-Jan-15,112.67,113.25,110.21,112.01,53699527
APPL,08-Jan-15,109.23,112.15,108.7,111.89,59364547
APPL,07-Jan-15,107.2,108.2,106.7,107.75,40105934
APPL,06-Jan-15,106.54,107.43,104.63,106.26,65797116
APPL,05-Jan-15,108.29,108.65,105.41,106.25,64285491
APPL,02-Jan-15,111.39,111.44,107.35,109.33,53204626
APPL,31-Dec-14,112.82,113.13,110.21,110.38,41403351
APPL,30-Dec-14,113.64,113.92,112.11,112.52,29881477
APPL,29-Dec-14,113.79,114.77,113.7,113.91,27598920
